transaction_id,source_account,target_account,amount,timestamp
1,Account_1,Account_2,100,2025-01-01 10:00
2,Account_3,Account_4,500,2025-01-01 11:00
3,Account_5,Account_6,200,2025-01-01 12:00
4,Account_7,Account_8,1000,2025-01-02 09:00
5,Account_10,Account_9,200,2025-01-02 11:00
6,Account_1,Account_11,300,2025-01-02 13:00
7,Account_X,Account_Y,150,2025-01-03 14:00
8,Account_X,Account_Z,150,2025-01-03 15:00
9,Account_Z,Account_X,150,2025-01-03 16:00
10,Account_A,Account_B,900,2025-01-04 17:00
11,Account_B,Account_C,900,2025-01-04 18:00
12,Account_C,Account_A,900,2025-01-04 19:00
13,Account_1,Account_Z,50,2025-01-04 20:00
14,Account_B,Account_10,250,2025-01-05 09:00